<?xml version='1.0' encoding='UTF-8'?>
<?artifactRepository version='1.1.0'?>
<repository name='Repository with p2 Director Bundles (Incubation)' type='org.eclipse.equinox.p2.artifact.repository.simpleRepository' version='1'>
  <properties size='2'>
    <property name='p2.timestamp' value='1436537191834'/>
    <property name='publishPackFilesAsSiblings' value='true'/>
  </properties>
  <mappings size='5'>
    <rule filter='(&amp; (classifier=osgi.bundle) (format=packed))' output='${repoUrl}/plugins/${id}_${version}.jar.pack.gz'/>
    <rule filter='(&amp; (classifier=osgi.bundle))' output='${repoUrl}/plugins/${id}_${version}.jar'/>
    <rule filter='(&amp; (classifier=binary))' output='${repoUrl}/binary/${id}_${version}'/>
    <rule filter='(&amp; (classifier=org.eclipse.update.feature) (format=packed))' output='${repoUrl}/features/${id}_${version}.jar.pack.gz'/>
    <rule filter='(&amp; (classifier=org.eclipse.update.feature))' output='${repoUrl}/features/${id}_${version}.jar'/>
  </mappings>
  <artifacts size='53'>
    <artifact classifier='osgi.bundle' id='org.eclipse.ecf.provider.filetransfer.httpclient4.ssl' version='1.0.0.v20150512-1727'>
      <properties size='1'>
        <property name='download.size' value='13182'/>
      </properties>
    </artifact>
    <artifact classifier='osgi.bundle' id='org.eclipse.equinox.p2.artifact.repository' version='1.1.400.v20150513-2116'>
      <properties size='1'>
        <property name='download.size' value='140039'/>
      </properties>
    </artifact>
    <artifact classifier='osgi.bundle' id='org.eclipse.ecf.identity' version='3.5.0.v20150512-1727'>
      <properties size='1'>
        <property name='download.size' value='61096'/>
      </properties>
    </artifact>
    <artifact classifier='osgi.bundle' id='org.eclipse.equinox.ds' version='1.4.300.v20150423-1356'>
      <properties size='1'>
        <property name='download.size' value='195728'/>
      </properties>
    </artifact>
    <artifact classifier='osgi.bundle' id='org.apache.httpcomponents.httpcore' version='4.3.3.v201411290715'>
      <properties size='1'>
        <property name='download.size' value='318024'/>
      </properties>
    </artifact>
    <artifact classifier='osgi.bundle' id='org.eclipse.equinox.p2.jarprocessor' version='1.0.400.v20150430-1836'>
      <properties size='1'>
        <property name='download.size' value='68216'/>
      </properties>
    </artifact>
    <artifact classifier='osgi.bundle' id='org.eclipse.ecf.provider.filetransfer.ssl' version='1.0.0.v20150512-1727'>
      <properties size='1'>
        <property name='download.size' value='9060'/>
      </properties>
    </artifact>
    <artifact classifier='osgi.bundle' id='org.eclipse.equinox.p2.metadata' version='2.3.0.v20150511-1532'>
      <properties size='1'>
        <property name='download.size' value='342666'/>
      </properties>
    </artifact>
    <artifact classifier='osgi.bundle' id='org.eclipse.ecf' version='3.4.0.v20150512-1727'>
      <properties size='1'>
        <property name='download.size' value='100821'/>
      </properties>
    </artifact>
    <artifact classifier='osgi.bundle' id='org.eclipse.equinox.p2.garbagecollector' version='1.0.200.v20131115-1210'>
      <properties size='1'>
        <property name='download.size' value='25061'/>
      </properties>
    </artifact>
    <artifact classifier='osgi.bundle' id='org.eclipse.ecf.ssl' version='1.1.0.v20150512-1727'>
      <properties size='1'>
        <property name='download.size' value='13953'/>
      </properties>
    </artifact>
    <artifact classifier='osgi.bundle' id='org.eclipse.tycho.noopsecurity' version='0.23.1'>
      <properties size='5'>
        <property name='artifact.size' value='5041'/>
        <property name='download.size' value='5041'/>
        <property name='maven-groupId' value='org.eclipse.tycho'/>
        <property name='maven-artifactId' value='org.eclipse.tycho.noopsecurity'/>
        <property name='maven-version' value='0.23.1'/>
      </properties>
    </artifact>
    <artifact classifier='osgi.bundle' id='org.sat4j.core' version='2.3.5.v201308161310'>
      <properties size='1'>
        <property name='download.size' value='362968'/>
      </properties>
    </artifact>
    <artifact classifier='osgi.bundle' id='org.eclipse.equinox.preferences' version='3.5.300.v20150408-1437'>
      <properties size='1'>
        <property name='download.size' value='128643'/>
      </properties>
    </artifact>
    <artifact classifier='osgi.bundle' id='org.eclipse.equinox.p2.publisher.eclipse' version='1.2.0.v20150601-1708'>
      <properties size='1'>
        <property name='download.size' value='227749'/>
      </properties>
    </artifact>
    <artifact classifier='osgi.bundle' id='org.eclipse.equinox.p2.director' version='2.3.200.v20150423-1455'>
      <properties size='1'>
        <property name='download.size' value='103538'/>
      </properties>
    </artifact>
    <artifact classifier='osgi.bundle' id='org.eclipse.equinox.app' version='1.3.300.v20150423-1356'>
      <properties size='1'>
        <property name='download.size' value='86680'/>
      </properties>
    </artifact>
    <artifact classifier='osgi.bundle' id='org.sat4j.pb' version='2.3.5.v201404071733'>
      <properties size='1'>
        <property name='download.size' value='241956'/>
      </properties>
    </artifact>
    <artifact classifier='osgi.bundle' id='org.eclipse.equinox.common' version='3.7.0.v20150402-1709'>
      <properties size='1'>
        <property name='download.size' value='111675'/>
      </properties>
    </artifact>
    <artifact classifier='osgi.bundle' id='org.eclipse.equinox.p2.repository' version='2.3.100.v20150428-1613'>
      <properties size='1'>
        <property name='download.size' value='131666'/>
      </properties>
    </artifact>
    <artifact classifier='osgi.bundle' id='org.eclipse.equinox.p2.engine' version='2.4.0.v20150511-1532'>
      <properties size='1'>
        <property name='download.size' value='206643'/>
      </properties>
    </artifact>
    <artifact classifier='osgi.bundle' id='org.eclipse.equinox.launcher' version='1.3.100.v20150511-1540'>
      <properties size='1'>
        <property name='download.size' value='50527'/>
      </properties>
    </artifact>
    <artifact classifier='osgi.bundle' id='org.eclipse.osgi.compatibility.state' version='1.0.100.v20150402-1551'>
      <properties size='1'>
        <property name='download.size' value='241527'/>
      </properties>
    </artifact>
    <artifact classifier='osgi.bundle' id='org.eclipse.equinox.util' version='1.0.500.v20130404-1337'>
      <properties size='1'>
        <property name='download.size' value='77932'/>
      </properties>
    </artifact>
    <artifact classifier='osgi.bundle' id='org.eclipse.ecf.filetransfer' version='5.0.0.v20150512-1727'>
      <properties size='1'>
        <property name='download.size' value='51128'/>
      </properties>
    </artifact>
    <artifact classifier='osgi.bundle' id='org.eclipse.osgi' version='3.10.100.v20150529-1857'>
      <properties size='1'>
        <property name='download.size' value='1304916'/>
      </properties>
    </artifact>
    <artifact classifier='osgi.bundle' id='org.eclipse.core.runtime' version='3.11.0.v20150405-1723'>
      <properties size='1'>
        <property name='download.size' value='76888'/>
      </properties>
    </artifact>
    <artifact classifier='osgi.bundle' id='org.eclipse.equinox.p2.touchpoint.eclipse' version='2.1.300.v20150423-1455'>
      <properties size='1'>
        <property name='download.size' value='127923'/>
      </properties>
    </artifact>
    <artifact classifier='osgi.bundle' id='org.eclipse.core.jobs' version='3.7.0.v20150330-2103'>
      <properties size='1'>
        <property name='download.size' value='107123'/>
      </properties>
    </artifact>
    <artifact classifier='osgi.bundle' id='org.eclipse.equinox.frameworkadmin.equinox' version='1.0.600.v20150522-2234'>
      <properties size='1'>
        <property name='download.size' value='63562'/>
      </properties>
    </artifact>
    <artifact classifier='osgi.bundle' id='org.eclipse.core.runtime.compatibility.registry' version='3.6.0.v20150318-1505'>
      <properties size='1'>
        <property name='download.size' value='17685'/>
      </properties>
    </artifact>
    <artifact classifier='osgi.bundle' id='org.eclipse.equinox.p2.repository.tools' version='2.1.100.v20150423-1455'>
      <properties size='1'>
        <property name='download.size' value='237689'/>
      </properties>
    </artifact>
    <artifact classifier='osgi.bundle' id='org.eclipse.equinox.simpleconfigurator.manipulator' version='2.0.100.v20150423-1455'>
      <properties size='1'>
        <property name='download.size' value='25362'/>
      </properties>
    </artifact>
    <artifact classifier='osgi.bundle' id='org.eclipse.equinox.registry' version='3.6.0.v20150318-1503'>
      <properties size='1'>
        <property name='download.size' value='182901'/>
      </properties>
    </artifact>
    <artifact classifier='osgi.bundle' id='org.apache.commons.codec' version='1.6.0.v201305230611'>
      <properties size='1'>
        <property name='download.size' value='257406'/>
      </properties>
    </artifact>
    <artifact classifier='osgi.bundle' id='org.apache.commons.logging' version='1.1.1.v201101211721'>
      <properties size='1'>
        <property name='download.size' value='73632'/>
      </properties>
    </artifact>
    <artifact classifier='osgi.bundle' id='org.eclipse.equinox.p2.transport.ecf' version='1.1.100.v20150521-1342'>
      <properties size='1'>
        <property name='download.size' value='42539'/>
      </properties>
    </artifact>
    <artifact classifier='osgi.bundle' id='org.eclipse.core.net' version='1.2.300.v20141118-1725'>
      <properties size='1'>
        <property name='download.size' value='71284'/>
      </properties>
    </artifact>
    <artifact classifier='osgi.bundle' id='org.eclipse.core.contenttype' version='3.5.0.v20150421-2214'>
      <properties size='1'>
        <property name='download.size' value='99189'/>
      </properties>
    </artifact>
    <artifact classifier='osgi.bundle' id='org.eclipse.equinox.concurrent' version='1.1.0.v20130327-1442'>
      <properties size='1'>
        <property name='download.size' value='25493'/>
      </properties>
    </artifact>
    <artifact classifier='osgi.bundle' id='org.eclipse.equinox.p2.director.app' version='1.0.400.v20150423-1455'>
      <properties size='1'>
        <property name='download.size' value='51443'/>
      </properties>
    </artifact>
    <artifact classifier='osgi.bundle' id='org.eclipse.ecf.provider.filetransfer.httpclient4' version='1.0.1043.v20150512-1727'>
      <properties size='1'>
        <property name='download.size' value='70799'/>
      </properties>
    </artifact>
    <artifact classifier='osgi.bundle' id='org.eclipse.ecf.provider.filetransfer' version='3.2.200.v20150512-1727'>
      <properties size='1'>
        <property name='download.size' value='127283'/>
      </properties>
    </artifact>
    <artifact classifier='osgi.bundle' id='org.eclipse.osgi.services' version='3.5.0.v20150519-2006'>
      <properties size='1'>
        <property name='download.size' value='110093'/>
      </properties>
    </artifact>
    <artifact classifier='osgi.bundle' id='org.eclipse.equinox.p2.core' version='2.4.0.v20150527-1706'>
      <properties size='1'>
        <property name='download.size' value='72151'/>
      </properties>
    </artifact>
    <artifact classifier='osgi.bundle' id='org.eclipse.equinox.security' version='1.2.100.v20150423-1356'>
      <properties size='1'>
        <property name='download.size' value='108521'/>
      </properties>
    </artifact>
    <artifact classifier='osgi.bundle' id='org.eclipse.equinox.frameworkadmin' version='2.0.200.v20150423-1455'>
      <properties size='1'>
        <property name='download.size' value='36365'/>
      </properties>
    </artifact>
    <artifact classifier='osgi.bundle' id='org.eclipse.equinox.p2.metadata.repository' version='1.2.200.v20150428-1613'>
      <properties size='1'>
        <property name='download.size' value='118253'/>
      </properties>
    </artifact>
    <artifact classifier='osgi.bundle' id='org.apache.httpcomponents.httpclient' version='4.3.6.v201411290715'>
      <properties size='1'>
        <property name='download.size' value='849668'/>
      </properties>
    </artifact>
    <artifact classifier='osgi.bundle' id='org.eclipse.equinox.simpleconfigurator' version='1.1.100.v20150423-1455'>
      <properties size='1'>
        <property name='download.size' value='43279'/>
      </properties>
    </artifact>
    <artifact classifier='osgi.bundle' id='org.eclipse.equinox.p2.publisher' version='1.4.0.v20141117-0929'>
      <properties size='1'>
        <property name='download.size' value='95337'/>
      </properties>
    </artifact>
    <artifact classifier='osgi.bundle' id='org.tukaani.xz' version='1.3.0.v201308270617'>
      <properties size='1'>
        <property name='download.size' value='109753'/>
      </properties>
    </artifact>
    <artifact classifier='osgi.bundle' id='org.eclipse.equinox.p2.touchpoint.natives' version='1.2.0.v20150519-1136'>
      <properties size='1'>
        <property name='download.size' value='74196'/>
      </properties>
    </artifact>
  </artifacts>
</repository>
