<?xml version="1.0" encoding="UTF-8"?>
<feature
      id="org.eclipse.e4.rcp"
      label="%featureName"
      version="1.4.0.v20150603-0857"
      provider-name="%providerName">

   <description>
      %description
   </description>

   <copyright>
      %copyright
   </copyright>

   <license url="%licenseURL">
      %license
   </license>

   <requires>
      <import feature="org.eclipse.emf.common" version="2.7.0" match="compatible"/>
      <import feature="org.eclipse.emf.ecore" version="2.7.0" match="compatible"/>
   </requires>

   <plugin
         id="org.eclipse.e4.core.services"
         download-size="52"
         install-size="94"
         version="2.0.0.v20150403-1912"
         unpack="false"/>

   <plugin
         id="org.eclipse.e4.ui.workbench.swt"
         download-size="177"
         install-size="356"
         version="0.13.0.v20150504-0621"
         unpack="false"/>

   <plugin
         id="org.eclipse.e4.core.commands"
         download-size="24"
         install-size="44"
         version="0.11.0.v20150422-0725"
         unpack="false"/>

   <plugin
         id="org.eclipse.e4.ui.bindings"
         download-size="48"
         install-size="98"
         version="0.11.0.v20150422-0725"
         unpack="false"/>

   <plugin
         id="org.eclipse.e4.ui.model.workbench"
         download-size="367"
         install-size="1154"
         version="1.1.100.v20150407-1430"
         unpack="false"/>

   <plugin
         id="org.eclipse.e4.ui.services"
         download-size="25"
         install-size="40"
         version="1.2.0.v20150422-0725"
         unpack="false"/>

   <plugin
         id="org.eclipse.e4.ui.workbench.renderers.swt"
         download-size="341"
         install-size="746"
         version="0.13.0.v20150603-0857"
         unpack="false"/>

   <plugin
         id="org.eclipse.e4.ui.workbench"
         download-size="280"
         install-size="598"
         version="1.3.0.v20150531-1948"
         unpack="false"/>

   <plugin
         id="org.eclipse.e4.ui.css.core"
         download-size="207"
         install-size="424"
         version="0.11.0.v20150511-1937"
         unpack="false"/>

   <plugin
         id="org.eclipse.e4.ui.css.swt"
         download-size="215"
         install-size="447"
         version="0.12.0.v20150511-1003"
         unpack="false"/>

   <plugin
         id="org.apache.batik.css"
         download-size="347"
         install-size="720"
         version="1.7.0.v201011041433"
         unpack="false"/>

   <plugin
         id="org.w3c.css.sac"
         download-size="37"
         install-size="65"
         version="1.3.1.v200903091627"
         unpack="false"/>

   <plugin
         id="org.apache.batik.util"
         download-size="154"
         install-size="309"
         version="1.7.0.v201011041433"
         unpack="false"/>

   <plugin
         id="org.w3c.dom.svg"
         download-size="95"
         install-size="140"
         version="1.1.0.v201011041433"
         unpack="false"/>

   <plugin
         id="org.w3c.dom.smil"
         download-size="19"
         install-size="37"
         version="1.0.1.v200903091627"
         unpack="false"/>

   <plugin
         id="org.w3c.dom.events"
         download-size="17"
         install-size="26"
         version="3.0.0.draft20060413_v201105210656"
         unpack="false"/>

   <plugin
         id="javax.inject"
         download-size="16"
         install-size="28"
         version="1.0.0.v20091030"
         unpack="false"/>

   <plugin
         id="javax.annotation"
         download-size="26"
         install-size="56"
         version="1.2.0.v201401042248"
         unpack="false"/>

   <plugin
         id="org.eclipse.e4.core.di"
         download-size="50"
         install-size="102"
         version="1.5.0.v20150421-2214"
         unpack="false"/>

   <plugin
         id="org.eclipse.e4.core.contexts"
         download-size="47"
         install-size="94"
         version="1.4.0.v20150421-2214"
         unpack="false"/>

   <plugin
         id="org.apache.batik.util.gui"
         download-size="207"
         install-size="388"
         version="1.7.0.v200903091627"
         unpack="false"/>

   <plugin
         id="javax.xml"
         download-size="246"
         install-size="413"
         version="1.3.4.v201005080400"
         unpack="false"/>

   <plugin
         id="org.eclipse.e4.core.di.extensions"
         download-size="27"
         install-size="50"
         version="0.13.0.v20150421-2214"
         unpack="false"/>

   <plugin
         id="org.eclipse.e4.ui.css.swt.theme"
         download-size="25"
         install-size="46"
         version="0.10.0.v20150422-0725"
         unpack="false"/>

   <plugin
         id="org.eclipse.e4.ui.di"
         download-size="15"
         install-size="21"
         version="1.1.0.v20150422-0725"
         unpack="false"/>

   <plugin
         id="org.eclipse.e4.ui.widgets"
         download-size="13"
         install-size="22"
         version="1.1.0.v20150427-1751"
         unpack="false"/>

   <plugin
         id="org.eclipse.e4.ui.workbench.renderers.swt.cocoa"
         os="macosx"
         ws="cocoa"
         download-size="33"
         install-size="63"
         version="0.11.300.v20150507-1945"
         fragment="true"
         unpack="false"/>

   <plugin
         id="org.eclipse.equinox.common"
         download-size="108"
         install-size="206"
         version="3.7.0.v20150402-1709"
         unpack="false"/>

   <plugin
         id="org.eclipse.equinox.ds"
         download-size="190"
         install-size="392"
         version="1.4.300.v20150423-1356"
         unpack="false"/>

   <plugin
         id="org.eclipse.equinox.event"
         download-size="31"
         install-size="57"
         version="1.3.100.v20140115-1647"
         unpack="false"/>

   <plugin
         id="org.eclipse.core.commands"
         download-size="110"
         install-size="210"
         version="3.7.0.v20150422-0725"
         unpack="false"/>

   <plugin
         id="org.eclipse.core.contenttype"
         download-size="96"
         install-size="203"
         version="3.5.0.v20150421-2214"
         unpack="false"/>

   <plugin
         id="org.eclipse.core.databinding"
         download-size="195"
         install-size="408"
         version="1.5.0.v20150422-0725"
         unpack="false"/>

   <plugin
         id="org.eclipse.core.databinding.beans"
         download-size="77"
         install-size="191"
         version="1.3.0.v20150422-0725"
         unpack="false"/>

   <plugin
         id="org.eclipse.core.databinding.observable"
         download-size="304"
         install-size="640"
         version="1.5.0.v20150422-0725"
         unpack="false"/>

   <plugin
         id="org.eclipse.core.databinding.property"
         download-size="171"
         install-size="401"
         version="1.5.0.v20150422-0725"
         unpack="false"/>

   <plugin
         id="org.eclipse.core.expressions"
         download-size="87"
         install-size="172"
         version="3.5.0.v20150421-2214"
         unpack="false"/>

   <plugin
         id="org.eclipse.core.jobs"
         download-size="104"
         install-size="207"
         version="3.7.0.v20150330-2103"
         unpack="false"/>

   <plugin
         id="org.eclipse.core.runtime"
         download-size="74"
         install-size="160"
         version="3.11.0.v20150405-1723"
         unpack="false"/>

   <plugin
         id="org.eclipse.equinox.app"
         download-size="84"
         install-size="170"
         version="1.3.300.v20150423-1356"
         unpack="false"/>

   <plugin
         id="org.eclipse.equinox.launcher"
         download-size="49"
         install-size="87"
         version="1.3.100.v20150511-1540"
         unpack="false"/>

   <plugin
         id="com.ibm.icu"
         download-size="11143"
         install-size="24705"
         version="54.1.1.v201501272100"
         unpack="false"/>

   <plugin
         id="org.eclipse.equinox.preferences"
         download-size="125"
         install-size="252"
         version="3.5.300.v20150408-1437"
         unpack="false"/>

   <plugin
         id="org.eclipse.equinox.registry"
         download-size="178"
         install-size="371"
         version="3.6.0.v20150318-1503"
         unpack="false"/>

   <plugin
         id="org.eclipse.equinox.simpleconfigurator"
         download-size="42"
         install-size="78"
         version="1.1.100.v20150423-1455"
         unpack="false"/>

   <plugin
         id="org.eclipse.osgi"
         download-size="1272"
         install-size="2692"
         version="3.10.100.v20150529-1857"
         unpack="false"/>

   <plugin
         id="org.eclipse.osgi.compatibility.state"
         download-size="235"
         install-size="577"
         version="1.0.100.v20150402-1551"
         fragment="true"
         unpack="false"/>

   <plugin
         id="org.eclipse.osgi.services"
         download-size="107"
         install-size="167"
         version="3.5.0.v20150519-2006"
         unpack="false"/>

   <plugin
         id="org.eclipse.equinox.launcher.gtk.solaris.sparc"
         os="solaris"
         ws="gtk"
         arch="sparc"
         download-size="42"
         install-size="109"
         version="1.1.300.v20150602-1417"
         fragment="true"/>

   <plugin
         id="org.eclipse.equinox.launcher.gtk.solaris.x86"
         os="solaris"
         ws="gtk"
         arch="x86"
         download-size="36"
         install-size="96"
         version="1.1.300.v20150602-1417"
         fragment="true"/>

   <plugin
         id="org.eclipse.equinox.launcher.cocoa.macosx.x86_64"
         os="macosx"
         ws="cocoa"
         arch="x86_64"
         download-size="31"
         install-size="74"
         version="1.1.300.v20150602-1417"
         fragment="true"/>

   <plugin
         id="org.eclipse.equinox.launcher.gtk.linux.ppc"
         os="linux"
         ws="gtk"
         arch="ppc"
         download-size="81"
         install-size="202"
         version="1.1.300.v20150602-1417"
         fragment="true"/>

   <plugin
         id="org.eclipse.equinox.launcher.gtk.linux.ppc64"
         os="linux"
         ws="gtk"
         arch="ppc64"
         download-size="84"
         install-size="233"
         version="1.0.300.v20150602-1417"
         fragment="true"/>

   <plugin
         id="org.eclipse.equinox.launcher.gtk.linux.ppc64le"
         os="linux"
         ws="gtk"
         arch="ppc64le"
         download-size="80"
         install-size="214"
         version="1.0.300.v20150602-1417"
         fragment="true"/>

   <plugin
         id="org.eclipse.equinox.launcher.gtk.linux.x86"
         os="linux"
         ws="gtk"
         arch="x86"
         download-size="76"
         install-size="180"
         version="1.1.300.v20150602-1417"
         fragment="true"/>

   <plugin
         id="org.eclipse.equinox.launcher.gtk.linux.s390x"
         os="linux"
         ws="gtk"
         arch="s390x"
         download-size="86"
         install-size="228"
         version="1.1.300.v20150602-1417"
         fragment="true"/>

   <plugin
         id="org.eclipse.equinox.launcher.gtk.linux.s390"
         os="linux"
         ws="gtk"
         arch="s390"
         download-size="84"
         install-size="205"
         version="1.1.300.v20150602-1417"
         fragment="true"/>

   <plugin
         id="org.eclipse.equinox.launcher.gtk.linux.x86_64"
         os="linux"
         ws="gtk"
         arch="x86_64"
         download-size="80"
         install-size="201"
         version="1.1.300.v20150602-1417"
         fragment="true"/>

   <plugin
         id="org.eclipse.equinox.launcher.gtk.aix.ppc"
         os="aix"
         ws="gtk"
         arch="ppc"
         download-size="303"
         install-size="1036"
         version="1.1.200.v20150602-1417"
         fragment="true"/>

   <plugin
         id="org.eclipse.equinox.launcher.gtk.aix.ppc64"
         os="aix"
         ws="gtk"
         arch="ppc64"
         download-size="309"
         install-size="1085"
         version="1.1.200.v20150602-1417"
         fragment="true"/>

   <plugin
         id="org.eclipse.equinox.launcher.gtk.hpux.ia64"
         os="hpux"
         ws="gtk"
         arch="ia64"
         download-size="44"
         install-size="157"
         version="1.0.200.v20150602-1417"
         fragment="true"/>

   <plugin
         id="org.eclipse.equinox.launcher.win32.win32.x86"
         os="win32"
         ws="win32"
         arch="x86"
         download-size="26"
         install-size="61"
         version="1.1.300.v20150602-1417"
         fragment="true"/>

   <plugin
         id="org.eclipse.equinox.launcher.win32.win32.x86_64"
         os="win32"
         ws="win32"
         arch="x86_64"
         download-size="28"
         install-size="66"
         version="1.1.300.v20150602-1417"
         fragment="true"/>

   <plugin
         id="org.eclipse.swt"
         download-size="18"
         install-size="39"
         version="3.104.0.v20150528-0211"
         unpack="false"/>

   <plugin
         id="org.eclipse.swt.win32.win32.x86"
         os="win32"
         ws="win32"
         arch="x86"
         download-size="2680"
         install-size="5541"
         version="3.104.0.v20150528-0211"
         fragment="true"
         unpack="false"/>

   <plugin
         id="org.eclipse.swt.win32.win32.x86_64"
         os="win32"
         ws="win32"
         arch="x86_64"
         download-size="2682"
         install-size="5635"
         version="3.104.0.v20150528-0211"
         fragment="true"
         unpack="false"/>

   <plugin
         id="org.eclipse.swt.gtk.linux.x86"
         os="linux"
         ws="gtk"
         arch="x86"
         download-size="2419"
         install-size="5569"
         version="3.104.0.v20150528-0211"
         fragment="true"
         unpack="false"/>

   <plugin
         id="org.eclipse.swt.gtk.linux.s390x"
         os="linux"
         ws="gtk"
         arch="s390x"
         download-size="2455"
         install-size="5981"
         version="3.104.0.v20150528-0211"
         fragment="true"
         unpack="false"/>

   <plugin
         id="org.eclipse.swt.gtk.linux.s390"
         os="linux"
         ws="gtk"
         arch="s390"
         download-size="2419"
         install-size="5767"
         version="3.104.0.v20150528-0211"
         fragment="true"
         unpack="false"/>

   <plugin
         id="org.eclipse.swt.gtk.solaris.sparc"
         os="solaris"
         ws="gtk"
         arch="sparc"
         download-size="2336"
         install-size="5347"
         version="3.104.0.v20150528-0211"
         fragment="true"
         unpack="false"/>

   <plugin
         id="org.eclipse.swt.gtk.solaris.x86"
         os="solaris"
         ws="gtk"
         arch="x86"
         download-size="2277"
         install-size="5123"
         version="3.104.0.v20150528-0211"
         fragment="true"
         unpack="false"/>

   <plugin
         id="org.eclipse.swt.gtk.linux.ppc"
         os="linux"
         ws="gtk"
         arch="ppc"
         download-size="2392"
         install-size="5813"
         version="3.104.0.v20150528-0211"
         fragment="true"
         unpack="false"/>

   <plugin
         id="org.eclipse.swt.gtk.linux.ppc64"
         os="linux"
         ws="gtk"
         arch="ppc64"
         download-size="2466"
         install-size="6443"
         version="3.104.0.v20150528-0211"
         fragment="true"
         unpack="false"/>

   <plugin
         id="org.eclipse.swt.gtk.linux.ppc64le"
         os="linux"
         ws="gtk"
         arch="ppc64le"
         download-size="2433"
         install-size="6186"
         version="3.104.0.v20150528-0211"
         fragment="true"
         unpack="false"/>

   <plugin
         id="org.eclipse.swt.gtk.linux.x86_64"
         os="linux"
         ws="gtk"
         arch="x86_64"
         download-size="2567"
         install-size="6217"
         version="3.104.0.v20150528-0211"
         fragment="true"
         unpack="false"/>

   <plugin
         id="org.eclipse.swt.cocoa.macosx.x86_64"
         os="macosx"
         ws="cocoa"
         arch="x86_64"
         download-size="2259"
         install-size="5166"
         version="3.104.0.v20150528-0211"
         fragment="true"
         unpack="false"/>

   <plugin
         id="org.eclipse.swt.gtk.aix.ppc"
         os="aix"
         ws="gtk"
         arch="ppc"
         download-size="2291"
         install-size="5699"
         version="3.104.0.v20150528-0211"
         fragment="true"
         unpack="false"/>

   <plugin
         id="org.eclipse.swt.gtk.aix.ppc64"
         os="aix"
         ws="gtk"
         arch="ppc64"
         download-size="2329"
         install-size="5892"
         version="3.104.0.v20150528-0211"
         fragment="true"
         unpack="false"/>

   <plugin
         id="org.eclipse.swt.gtk.hpux.ia64"
         os="hpux"
         ws="gtk"
         arch="ia64"
         download-size="2354"
         install-size="6200"
         version="3.104.0.v20150528-0211"
         fragment="true"
         unpack="false"/>

   <plugin
         id="org.eclipse.equinox.util"
         download-size="75"
         install-size="139"
         version="1.0.500.v20130404-1337"
         unpack="false"/>

   <plugin
         id="org.eclipse.jface"
         download-size="1160"
         install-size="2293"
         version="3.11.0.v20150602-1400"
         unpack="false"/>

   <plugin
         id="org.eclipse.jface.databinding"
         download-size="274"
         install-size="555"
         version="1.7.0.v20150406-2148"
         unpack="false"/>

   <plugin
         id="org.eclipse.e4.ui.workbench3"
         download-size="9"
         install-size="13"
         version="0.13.0.v20150422-0725"
         unpack="false"/>

   <plugin
         id="org.apache.felix.gogo.command"
         download-size="55"
         install-size="111"
         version="0.10.0.v201209301215"
         unpack="false"/>

   <plugin
         id="org.apache.felix.gogo.runtime"
         download-size="77"
         install-size="153"
         version="0.10.0.v201209301036"
         unpack="false"/>

   <plugin
         id="org.apache.felix.gogo.shell"
         download-size="58"
         install-size="119"
         version="0.10.0.v201212101605"
         unpack="false"/>

   <plugin
         id="org.eclipse.equinox.console"
         download-size="115"
         install-size="237"
         version="1.1.100.v20141023-1406"
         unpack="false"/>

   <plugin
         id="org.eclipse.e4.ui.workbench.addons.swt"
         download-size="142"
         install-size="295"
         version="1.2.0.v20150512-1414"
         unpack="false"/>

   <plugin
         id="org.eclipse.equinox.bidi"
         download-size="47"
         install-size="89"
         version="0.10.0.v20130327-1442"
         unpack="false"/>

   <plugin
         id="org.eclipse.e4.ui.dialogs"
         download-size="44"
         install-size="81"
         version="1.0.0.v20150513-0856"
         unpack="false"/>

   <plugin
         id="org.apache.commons.jxpath"
         download-size="308"
         install-size="642"
         version="1.3.0.v200911051830"
         unpack="false"/>

   <plugin
         id="org.eclipse.e4.emf.xpath"
         download-size="47"
         install-size="94"
         version="0.1.100.v20150513-0856"
         unpack="false"/>

   <plugin
         id="org.eclipse.e4.core.di.annotations"
         download-size="10"
         install-size="12"
         version="1.4.0.v20150528-1451"
         unpack="false"/>

   <plugin
         id="org.eclipse.e4.ui.swt.gtk"
         ws="gtk"
         download-size="10"
         install-size="14"
         version="1.0.0.v20150430-0904"
         fragment="true"
         unpack="false"/>

</feature>
