<?xml version="1.0" encoding="UTF-8"?>
<config date="1603010566153" transient="false">
	<site updateable="true" url="platform:/base/" enabled="true" policy="USER-EXCLUDE">
		<feature id="net.sourceforge.czt.core.feature" version="1.6.0.202010180842" url="features/net.sourceforge.czt.core.feature_1.6.0.202010180842/" plugin-identifier="net.sourceforge.czt.core.feature.branding">
		</feature>
		<feature id="org.eclipse.ecf.filetransfer.httpclient4.ssl.feature" version="1.1.0.v20151130-0157" url="features/org.eclipse.ecf.filetransfer.httpclient4.ssl.feature_1.1.0.v20151130-0157/">
		</feature>
		<feature id="org.eclipse.equinox.p2.core.feature" version="1.3.100.v20150527-1706" url="features/org.eclipse.equinox.p2.core.feature_1.3.100.v20150527-1706/">
		</feature>
		<feature id="org.eclipse.platform" version="4.5.0.v20150603-2358" url="features/org.eclipse.platform_4.5.0.v20150603-2358/">
		</feature>
		<feature id="net.sourceforge.czt.eclipse.product.feature" version="1.0.0.202010180842" url="features/net.sourceforge.czt.eclipse.product.feature_1.0.0.202010180842/">
		</feature>
		<feature id="org.eclipse.ecf.core.ssl.feature" version="1.1.0.v20151130-0157" url="features/org.eclipse.ecf.core.ssl.feature_1.1.0.v20151130-0157/">
		</feature>
		<feature id="org.eclipse.ecf.core.feature" version="1.2.0.v20151130-0157" url="features/org.eclipse.ecf.core.feature_1.2.0.v20151130-0157/">
		</feature>
		<feature id="org.eclipse.equinox.p2.rcp.feature" version="1.2.100.v20150527-1706" url="features/org.eclipse.equinox.p2.rcp.feature_1.2.100.v20150527-1706/">
		</feature>
		<feature id="org.eclipse.help" version="2.1.0.v20150603-2000" url="features/org.eclipse.help_2.1.0.v20150603-2000/" plugin-identifier="org.eclipse.help.base">
		</feature>
		<feature id="org.eclipse.emf.common" version="2.11.1.v20160208-0816" url="features/org.eclipse.emf.common_2.11.1.v20160208-0816/">
		</feature>
		<feature id="org.eclipse.equinox.p2.extras.feature" version="1.2.100.v20150601-1708" url="features/org.eclipse.equinox.p2.extras.feature_1.2.100.v20150601-1708/">
		</feature>
		<feature id="net.sourceforge.czt.eclipse.zeves.feature" version="1.0.0.202010180842" url="features/net.sourceforge.czt.eclipse.zeves.feature_1.0.0.202010180842/" plugin-identifier="net.sourceforge.czt.eclipse.zeves.feature.branding">
		</feature>
		<feature id="org.eclipse.ecf.filetransfer.httpclient4.feature" version="3.12.0.v20151130-0157" url="features/org.eclipse.ecf.filetransfer.httpclient4.feature_3.12.0.v20151130-0157/">
		</feature>
		<feature id="org.eclipse.ecf.filetransfer.ssl.feature" version="1.1.0.v20151130-0157" url="features/org.eclipse.ecf.filetransfer.ssl.feature_1.1.0.v20151130-0157/">
		</feature>
		<feature id="org.eclipse.e4.rcp" version="1.4.0.v20150603-0857" url="features/org.eclipse.e4.rcp_1.4.0.v20150603-0857/">
		</feature>
		<feature id="org.eclipse.ecf.filetransfer.feature" version="3.12.0.v20151130-0157" url="features/org.eclipse.ecf.filetransfer.feature_3.12.0.v20151130-0157/">
		</feature>
		<feature id="net.sourceforge.czt.eclipse.feature" version="1.6.0.202010180842" url="features/net.sourceforge.czt.eclipse.feature_1.6.0.202010180842/" plugin-identifier="net.sourceforge.czt.eclipse.feature.branding">
		</feature>
		<feature id="org.eclipse.emf.ecore" version="2.11.2.v20160208-0816" url="features/org.eclipse.emf.ecore_2.11.2.v20160208-0816/">
		</feature>
		<feature id="org.eclipse.equinox.p2.user.ui" version="2.2.100.v20150601-1708" url="features/org.eclipse.equinox.p2.user.ui_2.2.100.v20150601-1708/">
		</feature>
		<feature id="org.eclipse.rcp" version="4.5.0.v20150603-2331" url="features/org.eclipse.rcp_4.5.0.v20150603-2331/">
		</feature>
	</site>
</config>
